CGPA,Attendance,Internships,Projects,Backlogs,Communication_Skill,Coding_Score,Extra_Curricular,Placed
7.7,85.6,0,2,2,6,89.4,0,0
7.06,68.8,3,2,2,1,46.0,1,0
7.85,86.7,1,2,0,4,39.3,1,0
8.72,91.6,0,1,1,8,73.3,1,1
6.97,82.1,1,2,1,1,44.1,1,0
6.97,96.8,2,1,0,3,41.0,1,0
8.78,70.3,0,2,0,1,31.1,1,0
7.97,65.6,1,2,0,9,50.3,1,1
6.73,60.2,2,5,0,2,58.3,0,1
7.74,93.0,0,2,0,9,64.9,0,1
6.74,84.5,1,2,2,4,79.0,1,0
6.73,77.4,1,1,1,2,70.5,0,0
7.44,80.8,2,1,0,4,56.2,1,1
5.29,66.7,0,0,1,10,56.0,1,0
5.48,100.0,0,0,1,6,70.2,1,0
6.64,79.3,2,2,1,7,85.5,0,1
6.19,79.1,0,4,1,3,62.5,1,0
7.51,85.3,1,2,1,3,50.6,1,0
6.29,82.8,2,5,1,10,40.1,0,1
5.79,80.2,1,1,0,8,31.1,0,0
8.67,70.1,1,1,1,5,73.3,1,1
6.97,82.7,2,2,1,4,71.6,0,1
7.27,96.8,0,0,0,7,71.5,0,0
5.78,91.5,2,0,1,7,57.4,1,0
6.66,93.9,0,4,0,9,88.1,1,1
7.31,72.9,0,3,1,9,50.3,1,1
6.05,68.1,1,1,0,5,79.1,0,0
7.58,76.7,0,2,0,8,59.2,0,0
6.6,78.6,0,0,2,10,47.8,0,0
6.91,88.9,1,0,0,1,71.9,1,0
6.6,61.1,1,1,1,9,68.2,0,0
9.05,93.3,1,2,1,8,67.1,0,1
7.19,76.4,2,2,1,6,61.6,1,1
6.14,73.7,1,1,0,3,59.2,1,0
8.02,67.9,1,0,0,3,100.0,1,1
5.98,61.5,3,3,1,8,83.7,0,1
7.41,86.2,1,3,1,5,74.5,1,1
5.24,78.7,2,3,0,10,62.2,0,1
5.87,65.1,1,5,0,7,80.1,0,1
7.4,65.0,1,2,0,5,70.4,1,1
7.94,74.6,2,2,1,8,60.5,1,1
7.37,94.7,3,3,1,10,53.9,1,1
7.08,75.4,1,2,0,10,58.4,1,1
6.9,63.0,4,2,0,4,0.0,1,0
5.72,75.5,1,2,0,2,64.2,0,0
6.48,75.3,1,6,1,3,50.2,0,0
6.74,51.0,3,4,0,8,91.9,0,1
8.26,77.5,0,1,0,7,60.4,1,0
7.54,75.7,0,6,0,2,36.2,0,0
5.44,85.0,1,1,0,6,59.0,1,0
7.52,96.5,2,3,1,9,39.1,1,1
6.81,89.3,1,1,0,4,69.5,0,1
6.52,75.3,1,3,0,9,65.8,0,0
7.81,66.9,4,4,1,2,79.2,1,1
8.23,100.0,1,3,0,2,44.2,0,0
8.13,78.6,1,3,0,9,60.7,1,1
6.36,78.1,4,2,0,7,32.7,0,1
6.89,77.8,0,4,0,7,74.0,0,1
7.53,80.0,1,4,0,1,70.4,0,0
8.18,76.6,1,1,1,6,69.9,0,0
6.72,72.3,3,2,1,7,60.0,0,0
7.01,72.5,3,2,0,6,68.3,1,1
6.09,77.7,1,2,0,6,92.1,0,1
6.0,72.6,1,2,0,2,54.3,0,0
8.01,70.9,0,2,1,6,62.8,0,0
8.56,79.1,1,4,0,4,38.3,1,1
7.13,75.5,0,1,0,9,42.6,1,0
8.2,93.0,0,1,1,1,62.0,1,0
7.56,51.5,3,1,1,8,82.1,1,1
6.55,88.9,0,2,0,5,54.9,1,0
7.56,90.5,1,1,0,1,55.3,0,0
8.74,57.3,0,1,0,4,51.9,0,0
7.16,74.6,1,3,0,1,49.3,0,0
8.76,74.3,2,2,0,6,65.9,1,1
5.0,63.9,0,1,2,2,30.1,1,0
8.02,70.2,2,1,0,5,85.6,0,1
7.29,66.9,1,3,0,7,46.7,1,1
6.9,95.5,2,0,0,2,74.4,1,1
7.29,87.4,0,2,2,6,34.6,1,0
5.21,90.7,0,3,0,6,73.4,0,0
6.98,85.2,0,0,0,5,73.4,0,0
7.56,66.7,0,3,0,5,67.7,1,1
8.68,72.8,1,2,0,3,40.1,1,1
6.68,82.9,3,3,0,10,65.0,1,1
6.39,65.8,0,2,1,10,36.3,1,0
6.7,85.1,1,2,0,2,54.9,0,0
8.12,75.6,1,3,1,7,80.6,1,1
7.53,74.3,2,2,0,1,75.9,0,0
6.67,85.1,1,3,0,6,60.3,0,1
7.71,82.4,3,2,0,6,40.5,0,1
7.3,74.4,1,0,0,3,72.9,1,0
8.17,89.6,0,1,1,2,60.4,0,0
6.5,67.2,0,3,0,2,13.6,0,0
6.87,84.2,1,2,1,9,75.7,1,1
6.81,83.9,1,3,2,5,59.5,1,0
5.74,74.9,0,1,1,7,84.0,1,0
7.5,81.3,0,2,1,5,38.1,0,0
7.46,65.5,4,0,2,7,0.0,1,1
7.21,87.2,1,1,0,4,65.6,0,1
6.97,76.2,1,1,2,8,65.8,0,0
5.78,72.8,1,0,1,10,26.2,1,0
6.78,88.5,0,4,0,10,40.4,0,1
6.86,71.0,2,6,0,7,100.0,0,1
6.4,63.9,1,4,0,10,53.9,0,1
7.04,62.4,4,3,1,5,74.6,0,1
7.6,84.1,1,1,1,6,47.0,1,1
9.09,65.2,0,4,0,5,18.2,0,1
7.37,95.5,1,2,0,7,56.6,1,1
7.46,57.2,2,3,0,2,54.7,0,1
7.13,95.0,3,2,0,5,52.0,0,1
5.28,80.1,0,0,0,10,57.7,1,0
7.17,77.0,1,2,0,3,65.3,0,0
7.26,72.6,2,2,0,9,57.0,0,1
9.66,82.0,0,3,0,6,34.7,0,1
7.01,77.6,0,1,0,10,69.7,0,1
7.5,89.0,1,0,2,3,21.0,0,0
7.17,79.1,0,1,0,7,19.0,0,0
6.03,79.5,0,3,0,4,74.8,1,0
8.34,74.4,2,1,1,3,70.1,1,0
7.95,77.4,0,1,0,8,58.9,1,0
7.99,81.1,1,2,0,4,32.1,0,0
6.29,60.9,1,5,0,1,45.8,0,0
8.6,64.5,0,4,0,6,54.7,0,1
5.8,85.4,0,2,1,10,28.1,1,0
7.79,79.7,2,2,0,1,45.2,0,0
9.39,76.2,0,5,0,5,73.0,1,1
6.21,78.2,0,1,0,7,88.5,0,0
6.63,81.5,1,2,1,6,51.6,0,0
7.3,72.6,2,1,1,2,75.1,0,0
6.7,70.2,0,3,0,4,21.7,1,0
5.65,80.0,0,0,1,2,73.2,0,0
7.27,68.2,2,0,1,1,43.9,1,0
6.14,82.1,1,2,1,3,66.1,0,0
7.67,61.0,2,1,0,3,55.0,0,0
6.28,88.3,3,1,2,7,86.4,1,1
8.75,82.7,2,2,2,1,42.5,0,0
6.42,80.6,1,1,0,9,72.6,0,1
6.88,87.8,0,2,0,6,54.4,0,0
8.01,94.7,1,2,0,4,56.8,0,1
5.97,88.1,1,3,0,3,56.3,1,0
7.43,59.6,1,3,0,3,43.1,1,0
8.51,65.2,0,1,0,2,59.7,0,0
5.59,71.8,0,1,1,2,58.7,0,0
7.38,78.3,2,1,0,10,64.8,1,1
7.46,83.2,4,2,0,5,61.7,0,1
7.98,70.7,2,2,1,9,76.0,1,1
5.96,79.9,3,1,0,2,78.5,0,0
5.88,70.4,3,1,0,2,39.0,1,1
7.72,71.9,0,3,0,6,77.4,1,0
7.5,63.9,0,1,0,10,36.3,1,1
7.45,68.8,2,5,0,2,71.8,1,1
7.55,64.5,2,2,0,4,72.4,0,1
6.52,68.2,1,3,0,6,21.8,0,0
7.43,88.5,1,0,0,5,61.9,1,0
7.49,68.5,3,3,2,1,50.6,1,0
6.49,100.0,1,0,0,6,44.8,1,1
9.07,82.9,1,4,0,1,87.0,1,1
7.67,79.8,0,1,0,3,46.9,0,0
6.01,69.4,2,2,1,10,43.9,1,0
7.86,85.0,1,3,1,5,61.5,1,1
6.23,72.2,0,1,1,10,73.7,1,0
7.99,79.2,2,0,1,5,57.2,1,0
8.36,100.0,0,2,0,10,83.3,1,1
6.38,77.0,1,2,0,6,70.6,1,0
8.16,89.5,1,2,0,10,16.4,1,1
7.61,71.0,1,0,3,8,49.4,0,0
8.02,77.7,1,3,1,5,48.8,1,1
9.1,95.7,2,5,0,1,69.6,1,1
6.95,71.7,0,1,0,5,7.5,1,0
6.45,96.1,0,2,0,3,100.0,0,0
6.31,85.1,2,2,0,4,70.6,0,0
6.38,72.4,1,6,0,8,63.0,0,1
7.12,84.3,2,1,0,7,83.6,1,1
7.54,87.7,1,2,1,5,100.0,1,1
7.48,84.2,0,1,0,2,77.4,1,0
8.03,62.3,1,1,0,6,79.0,0,1
7.21,70.7,1,2,0,6,62.6,1,1
8.65,75.5,1,0,0,10,57.2,0,1
6.94,77.3,1,4,0,10,50.5,0,1
9.92,84.2,1,2,0,6,43.5,0,1
7.83,79.8,2,3,1,9,46.3,0,1
6.34,64.6,1,1,1,8,33.0,0,0
6.13,81.8,2,1,0,8,58.5,1,1
7.68,84.1,0,3,1,1,26.3,1,0
6.98,83.6,1,2,0,5,63.8,0,0
7.91,88.8,2,2,1,7,59.3,1,1
7.67,86.3,1,0,1,6,62.9,1,1
7.13,82.6,0,1,1,5,49.6,0,0
6.35,77.3,1,2,0,8,100.0,0,1
5.69,61.4,0,0,0,3,87.2,1,0
6.75,82.3,4,4,0,6,35.1,1,1
8.06,80.1,1,5,0,5,64.7,1,1
7.41,80.7,1,0,0,8,47.8,1,1
5.95,65.2,2,0,0,4,39.7,0,0
7.37,67.2,2,6,0,8,33.2,1,1
7.59,88.5,1,0,0,10,68.6,0,1
6.32,77.6,0,1,1,2,46.4,0,0
7.35,84.8,0,0,0,9,79.4,1,1
7.26,78.3,1,3,0,9,79.9,1,1
6.06,78.3,1,2,0,10,87.5,1,1
7.56,87.4,1,3,1,10,43.0,0,1
7.76,72.8,2,5,1,6,69.5,0,1
8.28,79.0,0,5,1,4,72.6,0,0
8.25,73.4,2,2,1,4,50.5,0,0
5.82,73.7,0,3,0,6,44.6,1,0
6.26,74.9,0,6,0,5,92.2,0,1
7.72,80.2,2,3,0,6,64.5,0,1
7.71,73.2,2,2,1,7,72.7,1,1
7.72,90.6,1,3,0,7,43.6,0,1
10.0,69.1,3,1,1,9,35.6,0,1
7.77,76.1,0,1,2,8,48.6,1,0
8.34,73.6,0,4,1,6,57.5,0,1
8.15,92.5,0,0,0,6,38.7,0,0
7.85,80.0,0,6,0,5,59.8,0,1
6.88,88.3,1,2,0,1,26.2,0,0
7.96,63.1,0,3,2,9,37.6,1,0
6.43,80.7,2,2,0,9,73.4,0,1
6.96,86.9,0,0,1,9,72.1,1,0
6.71,78.8,1,1,0,8,52.2,0,1
7.28,88.7,0,4,0,10,39.6,1,1
9.51,72.8,1,3,1,3,39.5,1,1
5.33,92.1,1,3,1,1,52.5,1,0
7.89,100.0,1,5,0,8,72.9,0,1
5.59,74.4,0,1,0,7,78.6,0,0
6.73,73.5,4,4,1,5,50.1,0,1
8.29,92.5,1,1,2,10,36.9,1,0
7.26,93.8,2,1,1,7,65.4,0,0
6.12,72.8,1,1,1,10,43.5,0,0
6.48,73.8,1,0,0,4,49.6,0,0
7.88,75.2,2,1,0,9,86.5,0,1
6.47,64.6,0,4,1,10,76.5,1,1
7.42,68.8,0,2,1,2,63.2,1,0
7.25,68.0,0,1,0,9,34.6,0,0
6.55,70.3,0,1,0,9,64.2,0,0
9.34,77.7,2,1,1,5,81.3,0,1
7.83,80.3,0,2,0,1,52.5,1,0
5.17,93.5,2,2,0,7,87.0,0,0
7.39,68.0,2,0,1,10,85.9,1,1
6.54,87.8,1,2,0,10,93.3,1,1
8.05,75.9,0,1,2,4,66.1,0,0
6.41,77.5,3,2,0,9,71.7,0,1
7.09,84.7,1,2,0,6,88.3,0,1
7.7,66.8,1,0,1,3,68.9,1,0
8.07,81.8,2,2,1,6,50.0,1,1
6.0,79.7,0,0,0,10,51.0,0,0
6.87,82.9,1,3,0,6,64.8,1,1
6.73,80.9,0,4,0,5,34.2,0,0
6.55,100.0,0,4,0,2,57.1,0,0
8.97,71.6,0,3,0,10,81.9,1,1
7.6,72.7,2,3,1,10,16.2,1,1
5.94,71.8,3,2,0,2,90.7,1,1
8.12,72.4,3,0,1,7,82.4,1,1
9.32,71.6,0,2,0,2,50.8,0,0
8.23,89.9,2,3,1,6,70.9,0,1
5.68,92.2,1,1,1,5,60.1,0,0
6.72,72.3,2,2,1,4,84.6,1,0
8.47,69.7,2,1,0,7,79.7,0,1
6.49,82.7,1,1,0,8,32.0,1,0
7.64,72.5,2,2,0,4,71.7,1,1
7.97,84.3,1,3,1,1,55.9,1,0
6.27,80.0,2,2,0,1,61.7,0,0
7.14,62.8,2,0,1,1,45.4,1,0
5.0,93.5,2,3,0,1,95.0,1,1
6.18,96.0,1,2,0,5,80.8,1,1
6.95,71.9,0,2,1,4,45.2,1,0
5.95,74.1,0,0,1,9,33.3,1,0
8.83,80.9,2,4,1,3,52.3,1,1
5.77,81.3,1,2,0,7,68.7,1,1
6.76,84.6,0,2,0,8,64.8,1,1
7.33,98.1,4,1,0,6,85.1,1,1
8.64,76.2,3,2,1,10,75.8,1,1
5.76,70.0,2,2,0,1,79.4,1,1
8.36,64.2,0,2,0,8,66.5,1,1
7.21,70.7,1,4,0,10,32.2,0,1
6.22,77.7,2,0,0,3,56.1,0,0
7.66,95.9,1,1,0,8,81.2,1,1
7.4,72.8,3,4,0,4,59.0,1,1
6.6,80.2,0,0,1,8,70.1,1,0
7.27,77.8,2,0,0,1,53.6,0,0
6.81,89.9,1,3,2,3,39.4,0,0
7.31,100.0,1,0,0,6,57.5,0,0
7.86,72.7,0,1,0,9,66.2,1,1
8.79,73.1,2,0,0,2,46.9,1,1
5.96,88.4,0,1,1,1,55.3,1,0
9.33,84.8,0,2,0,10,41.2,1,1
5.25,96.5,1,2,0,3,82.4,0,1
7.05,83.8,2,1,0,4,54.1,1,0
7.79,74.4,1,2,0,5,89.1,0,1
7.48,83.9,2,3,0,3,90.6,0,1
6.58,89.1,0,0,0,10,58.4,1,1
6.99,86.2,1,3,0,2,39.8,0,1
6.71,83.1,1,1,2,2,18.3,0,0
6.61,88.7,0,4,1,7,30.6,0,0
8.05,89.7,1,5,0,9,32.5,0,1
7.56,91.8,1,1,0,10,87.6,1,1
6.51,84.5,2,1,0,2,62.3,1,1
8.1,76.3,0,4,0,7,67.8,0,1
7.51,79.5,0,1,0,7,15.6,1,0
8.01,90.1,0,1,0,7,36.0,0,0
7.83,69.8,0,3,0,3,77.7,1,1
6.37,81.7,4,2,0,7,65.7,1,1
6.64,74.1,1,0,0,1,57.1,1,0
7.95,78.3,3,1,1,10,71.3,1,1
7.81,90.8,1,2,0,1,92.7,1,0
7.18,79.9,2,1,0,5,55.6,0,1
7.32,78.5,1,4,0,2,61.4,1,1
8.48,64.4,1,3,0,9,63.9,0,1
6.61,85.5,2,0,0,7,100.0,0,1
7.75,84.5,1,2,0,4,18.0,1,1
7.0,99.6,3,4,0,4,73.7,0,1
6.98,74.9,2,2,2,2,57.7,1,0
8.3,80.2,1,1,0,5,71.3,0,0
8.03,80.5,1,2,1,4,46.9,0,1
8.01,93.8,2,2,0,1,59.0,1,0
8.51,77.0,0,2,0,8,74.2,1,1
7.22,80.8,0,1,1,3,100.0,1,0
7.88,84.1,1,0,0,6,76.2,1,0
6.89,79.9,1,3,1,4,43.0,0,0
7.52,73.5,0,6,0,9,51.5,1,1
7.07,79.9,1,1,1,7,50.9,0,0
7.3,88.7,3,2,0,9,24.1,0,1
7.8,67.7,1,2,0,10,53.4,0,1
6.38,79.3,0,2,0,3,74.7,0,0
9.29,71.0,0,2,0,1,34.5,0,0
6.19,90.0,1,2,0,5,81.0,0,1
5.99,62.8,3,1,0,3,69.8,1,0
8.36,72.4,0,4,1,6,45.3,0,0
7.99,81.8,2,3,0,8,57.2,0,1
7.82,93.7,0,0,0,4,92.0,0,1
7.83,77.3,4,2,1,5,74.7,1,1
7.19,72.4,1,2,0,5,60.2,1,1
6.3,96.8,0,3,0,4,55.2,0,0
7.28,63.5,2,1,0,4,61.5,1,1
6.52,56.0,2,2,0,4,49.8,0,1
8.18,82.4,2,0,1,4,17.9,1,0
7.05,73.0,0,3,0,4,100.0,0,0
6.37,67.8,1,3,0,5,63.1,1,1
6.88,85.1,1,2,1,2,68.0,1,0
7.61,80.4,3,0,0,2,58.8,1,1
6.64,72.4,1,3,0,9,45.3,0,0
6.38,65.2,0,2,0,2,56.3,0,0
7.44,86.7,0,4,0,6,28.0,0,0
7.44,84.5,1,1,0,2,100.0,1,1
6.69,77.0,0,3,0,5,35.3,1,0
6.73,96.5,0,2,0,4,39.4,0,0
7.43,67.3,0,4,0,7,51.2,1,1
5.75,62.7,1,0,0,7,85.8,0,0
5.79,71.1,1,2,0,6,60.3,0,0
6.48,77.5,1,1,3,10,35.3,0,0
6.99,80.4,0,1,0,5,85.1,0,0
7.51,75.6,1,1,1,1,74.6,1,0
8.68,81.5,0,0,0,3,70.8,1,0
8.06,65.5,0,1,0,9,74.3,1,1
7.04,92.4,0,2,0,1,100.0,0,0
7.18,77.2,0,3,1,5,100.0,1,0
6.2,89.2,1,5,0,2,46.3,0,0
7.18,81.4,1,3,1,4,92.5,0,0
6.91,82.6,0,2,0,1,67.7,0,0
7.52,83.7,2,4,1,3,70.0,0,1
6.37,82.5,1,3,0,10,26.2,0,1
7.72,84.4,1,2,0,7,56.6,0,1
8.73,91.3,2,1,0,10,43.7,1,1
7.09,80.0,1,1,1,3,76.6,1,0
7.6,85.1,0,4,0,4,81.4,1,1
7.89,77.1,1,5,0,2,18.5,1,0
6.8,92.4,2,1,0,3,59.6,0,0
7.42,71.2,1,3,1,9,82.4,0,1
7.21,96.0,3,2,0,3,56.3,1,1
7.3,77.6,1,1,0,5,74.6,1,0
6.43,63.7,0,2,1,2,67.0,1,0
7.22,79.3,0,1,0,4,66.8,1,0
7.7,71.2,2,2,0,7,54.6,1,1
8.65,86.4,1,1,0,7,35.7,1,1
8.16,71.5,1,0,1,3,37.6,1,0
9.35,73.5,1,2,1,5,74.2,1,1
6.43,59.1,0,1,1,1,60.4,0,0
8.07,73.5,0,2,0,10,57.2,0,1
7.38,53.8,2,3,0,10,51.5,0,1
9.39,62.2,1,0,0,10,53.9,0,1
6.39,85.6,1,0,2,1,80.9,1,0
6.36,85.9,3,2,0,5,53.3,0,1
6.6,82.3,1,1,0,10,33.2,1,1
5.08,68.3,1,2,1,9,74.9,0,0
6.67,77.5,1,3,0,1,55.9,1,1
6.44,78.0,0,2,0,1,60.6,1,0
7.35,66.4,1,3,0,4,92.2,0,1
7.54,93.0,1,3,0,4,59.6,0,1
9.08,86.8,0,3,0,2,65.8,1,1
8.15,75.8,0,2,0,9,36.4,1,1
6.62,78.3,1,0,1,9,55.6,1,1
6.3,80.1,3,2,0,2,72.2,0,0
7.69,57.6,1,2,0,9,28.9,0,1
5.88,75.5,0,2,1,6,64.0,1,0
9.03,71.2,0,3,0,8,62.0,0,1
8.38,68.0,2,1,0,10,60.8,1,1
6.73,75.2,3,2,0,4,80.7,0,1
5.49,96.0,0,0,0,2,66.7,0,0
8.55,84.4,1,0,2,2,89.6,0,0
7.09,72.3,2,2,0,9,40.1,0,1
8.44,83.7,1,3,1,1,62.7,0,1
5.61,92.0,1,1,1,7,61.7,1,0
6.6,87.2,1,1,2,3,38.6,1,0
7.21,78.6,0,4,1,3,79.1,0,0
7.25,71.5,0,1,1,2,100.0,1,0
6.75,85.0,2,2,0,10,59.7,1,1
7.82,81.9,0,0,1,6,70.1,0,0
6.13,87.0,1,4,1,10,61.7,1,1
7.06,84.4,2,3,1,2,45.7,0,0
7.32,88.5,0,2,0,10,23.6,1,1
7.71,72.6,2,2,0,4,45.9,1,1
7.91,91.2,0,3,0,10,32.2,1,1
6.08,80.0,1,3,0,9,94.1,1,1
5.67,98.8,2,1,1,9,57.7,1,1
8.48,71.1,0,3,2,6,53.1,1,0
7.53,95.4,0,3,1,4,77.8,1,0
6.45,80.0,1,0,1,7,37.6,0,0
8.75,71.5,0,4,1,1,44.7,0,0
7.32,73.2,2,4,0,4,61.4,0,1
8.38,74.8,1,2,1,5,80.6,0,1
7.27,82.2,1,2,0,8,70.0,1,1
9.26,83.2,4,2,0,2,65.0,1,1
8.96,72.3,2,0,1,5,61.6,1,0
6.95,77.8,1,2,0,6,68.0,0,1
8.17,99.4,0,2,0,5,64.0,0,1
7.85,95.3,1,3,0,9,39.4,0,1
8.57,82.4,2,0,0,10,60.9,1,1
6.24,78.4,0,1,0,1,38.5,0,0
7.89,79.2,0,3,0,3,61.6,1,0
8.26,84.1,0,3,0,2,50.4,0,1
5.44,67.8,0,4,0,3,100.0,1,0
6.02,75.4,1,0,1,10,59.2,0,0
5.16,61.3,2,3,0,9,31.9,1,1
6.93,82.0,1,1,0,9,57.3,0,1
7.92,84.5,1,2,0,10,70.4,0,1
8.7,73.2,1,5,1,2,93.5,1,1
7.27,93.7,3,0,0,3,48.2,1,1
8.83,65.7,1,1,0,4,28.4,0,0
5.82,63.4,1,3,1,9,76.3,1,0
5.5,80.2,1,3,0,3,32.4,0,0
7.14,88.5,0,1,0,7,51.3,1,0
7.58,94.8,4,0,1,3,54.8,0,1
7.17,73.4,0,3,0,7,58.6,1,1
5.13,88.8,1,3,1,7,73.8,0,1
7.11,77.6,1,0,0,9,46.3,0,0
5.9,76.3,2,2,2,2,54.5,0,0
7.87,86.8,2,0,0,6,59.7,1,1
7.57,84.5,2,4,0,9,63.0,0,1
6.26,62.2,0,0,2,2,62.0,1,0
6.69,92.8,0,2,1,2,68.7,1,0
6.14,91.8,1,1,0,5,76.9,1,1
7.14,71.7,1,0,0,10,67.9,0,1
8.16,82.0,3,1,0,10,69.1,1,1
6.21,82.9,4,2,1,10,28.4,1,1
7.7,80.6,0,5,1,8,61.0,1,1
6.67,72.5,2,1,0,9,69.6,0,1
6.41,71.3,1,3,1,2,74.6,1,0
7.09,77.7,2,1,0,5,46.2,1,0
6.16,89.7,2,5,0,7,46.8,1,1
6.65,83.4,1,2,1,6,48.5,1,0
6.0,74.3,2,0,0,6,70.7,0,0
9.16,85.7,0,1,0,7,80.7,0,1
7.24,50.0,1,2,0,3,51.9,1,0
6.5,89.5,0,0,1,3,78.2,1,0
7.41,60.6,0,1,0,10,62.5,1,0
7.09,74.4,1,3,0,9,57.5,1,1
6.98,66.8,3,0,0,8,55.8,0,1
7.81,65.1,0,0,1,5,74.9,0,0
7.96,89.6,3,2,1,6,66.5,0,1
6.67,73.3,3,2,0,10,100.0,0,1
6.62,81.5,2,2,1,1,43.0,1,0
6.92,77.5,1,4,2,10,70.4,1,0
5.0,82.8,1,3,0,1,49.4,0,0
5.68,78.8,0,1,1,4,42.6,0,0
8.57,65.2,1,3,0,2,59.8,1,1
8.84,88.0,2,1,0,7,62.7,1,1
6.95,73.1,2,3,0,2,100.0,1,1
7.78,62.4,0,3,1,10,56.3,1,1
7.51,73.7,2,2,0,2,37.4,1,1
10.0,93.0,0,3,0,5,65.5,0,1
8.32,86.5,0,2,0,4,18.5,0,1
7.07,74.5,1,3,0,8,58.2,1,1
6.24,74.5,0,1,1,4,60.3,1,0
5.59,74.8,0,3,2,6,75.9,0,0
7.4,98.8,2,2,0,5,79.5,1,1
6.44,81.8,1,4,0,2,49.9,0,0
5.78,82.3,1,3,0,8,57.0,0,1
6.55,88.3,3,1,2,2,44.7,0,0
6.12,80.4,1,1,0,9,37.4,0,0
8.89,75.4,2,2,2,9,66.2,1,1
8.08,76.0,2,4,0,3,34.5,1,1
7.19,77.3,1,2,0,4,51.7,0,0
8.68,77.6,3,3,1,8,40.1,1,1
7.28,85.3,1,1,0,9,71.0,1,1
6.34,78.5,1,2,0,3,96.0,1,0
8.72,85.3,1,4,0,5,34.0,1,1
7.74,77.2,0,4,0,8,22.9,0,0
6.16,78.8,1,1,1,3,57.5,1,0
7.01,58.0,1,3,0,7,60.3,0,0
6.32,87.2,0,0,0,8,64.4,0,0
5.82,81.5,1,2,0,10,51.1,1,1
8.13,88.0,0,5,0,3,56.0,0,1
9.11,50.0,1,1,0,2,67.4,1,0
5.8,98.9,1,2,0,10,80.8,1,1
7.76,76.6,0,2,0,7,20.9,0,1
6.55,89.1,1,0,0,9,52.6,1,1
6.71,67.6,0,3,0,1,64.3,0,0
6.61,84.1,1,1,2,3,41.6,0,0
6.34,67.5,1,4,0,5,94.6,1,1
7.25,71.8,2,5,1,3,47.3,1,1
6.37,97.1,2,3,2,1,59.2,1,0
7.47,76.1,0,2,0,7,71.1,0,1
7.15,80.2,2,0,1,7,48.2,1,1
6.96,86.7,2,3,0,10,23.1,0,1
6.29,83.0,0,1,0,8,51.4,0,0
6.62,79.5,4,1,0,5,80.6,1,1
7.96,81.6,1,1,1,10,53.3,1,1
7.7,100.0,0,1,1,5,43.1,1,0
6.22,77.4,2,2,0,5,78.5,0,0
7.3,80.0,2,2,0,1,53.4,1,0
7.95,88.5,1,1,0,10,49.8,0,0
5.53,89.1,0,0,0,5,63.0,1,0
7.74,89.9,1,5,2,6,75.4,1,1
6.54,84.4,0,0,0,1,100.0,0,0
7.77,66.6,1,0,0,7,76.5,0,0
6.44,94.3,2,1,0,1,83.2,1,1
5.4,66.5,1,1,1,2,49.9,1,0
5.57,81.0,1,3,1,2,39.5,1,0
7.25,70.5,2,1,0,5,61.2,1,1
7.46,77.4,0,0,1,10,62.1,1,0
6.3,81.3,2,1,0,7,38.4,0,0
7.84,81.2,1,4,0,1,56.5,0,0
5.54,82.2,1,2,0,10,68.0,0,0
7.13,94.1,1,0,1,1,67.2,0,0
5.99,82.5,1,3,1,1,70.1,1,0
6.55,75.6,0,1,0,6,65.8,0,0
7.25,87.6,1,1,1,2,49.9,0,0
6.34,89.9,1,0,0,1,49.7,0,0
6.82,65.7,1,3,0,6,36.0,1,1
8.21,84.0,0,1,0,2,95.7,0,1
6.62,85.0,0,0,0,6,60.3,1,0
8.04,75.0,1,2,0,10,55.5,0,1
6.07,91.8,1,3,0,8,41.4,1,1
7.73,76.5,1,1,0,2,100.0,0,0
8.64,79.3,2,5,1,9,38.5,1,1
5.0,76.3,1,3,1,8,51.4,0,0
6.4,78.2,2,3,0,10,68.3,1,1
7.78,67.0,1,4,1,1,72.0,1,0
7.0,63.6,0,1,1,7,79.2,0,0
7.57,93.9,2,2,0,10,96.2,1,1
6.6,69.5,0,2,0,6,70.1,1,1
7.29,68.1,0,2,0,6,38.9,0,0
7.04,56.5,0,2,1,6,54.9,0,0
8.37,71.6,2,3,2,6,66.2,1,1
7.45,64.8,1,3,0,10,100.0,0,1
7.54,94.4,0,2,2,7,32.0,0,0
6.79,88.1,3,3,0,3,84.1,0,1
6.71,71.1,3,1,0,6,63.6,1,1
6.77,100.0,1,3,1,3,76.8,1,0
7.59,87.8,0,5,1,7,58.0,1,0
6.78,74.8,0,0,0,7,43.2,1,0
7.49,53.0,0,1,0,8,75.0,1,0
9.28,100.0,2,2,0,2,73.1,1,1
8.07,64.1,0,0,0,9,79.4,1,1
6.87,61.5,4,2,0,5,59.7,0,1
8.4,88.2,1,0,0,9,48.0,1,1
6.79,100.0,0,2,0,10,28.8,1,1
5.16,91.8,0,1,0,5,76.4,0,0
6.19,83.6,2,3,1,7,68.5,0,0
5.33,83.9,0,2,0,9,40.7,0,0
6.85,86.5,2,5,0,4,49.2,1,1
7.22,85.6,1,3,1,2,50.7,0,0
8.88,80.8,1,1,1,9,30.3,1,0
7.53,79.0,0,1,0,2,43.6,1,0
6.98,77.4,2,3,0,3,37.3,1,0
8.03,70.5,0,0,1,10,51.8,0,0
5.0,75.2,0,0,0,2,45.2,0,0
7.44,61.1,0,1,1,3,27.5,1,0
7.97,77.0,1,1,1,6,100.0,1,1
5.72,68.1,0,2,1,3,85.1,1,0
8.34,67.0,2,4,0,10,44.4,0,1
7.54,79.8,2,2,0,8,65.4,1,1
6.78,91.9,0,6,1,6,68.3,0,0
7.83,87.2,2,1,0,7,83.8,1,1
9.47,62.3,1,2,0,1,43.6,0,1
7.38,68.1,0,1,0,3,81.8,1,0
7.45,87.4,1,3,0,3,49.0,0,0
6.74,68.2,0,3,0,2,33.3,0,0
6.35,75.8,4,2,0,7,74.5,0,1
8.03,83.5,1,4,0,9,85.8,0,1
6.34,68.3,4,2,0,4,100.0,0,1
7.27,79.1,1,3,0,5,36.0,0,1
6.72,64.7,0,2,1,3,74.0,1,0
7.68,72.0,2,2,0,9,51.8,1,1
7.53,81.2,4,1,0,4,75.7,1,1
8.24,62.1,1,3,3,5,30.6,1,0
6.69,82.4,2,3,0,1,34.7,0,0
6.93,77.8,2,2,0,2,44.5,1,0
6.22,83.5,2,0,0,9,61.6,0,1
6.76,80.2,0,1,0,2,47.2,0,0
7.58,91.6,0,1,1,5,73.2,0,0
